Date,Stock Price,Trading Volume,Volatility,Returns,Moving Average,Risk
2023-01-21,2046.121881749864,1920,0.0180767576721127,0.062391370515805455,1141.7435720460132,2.6356358005444767
2023-01-22,2128.506540344109,4916,-0.0002163455286908,0.04026380800140239,1236.8850846710172,1.5381466355090005
2023-01-23,2221.8736947963616,1541,0.0077528645277087,0.04386510103800689,1331.941611006762,1.0810001387447001
2023-01-24,2347.4284815801966,3706,0.0190792549384981,0.05650851669826462,1428.9111661637162,0.8887189933184523
2023-01-25,2474.46243250924,1057,0.0155823137736852,0.05411621777866871,1528.554735963289,0.8351324113294488
2023-01-26,2584.474870122029,3470,0.032929407529866,0.044459126219681844,1630.4256040400091,0.8262870729472624
2023-01-27,2658.3849148923614,1115,0.0166044254216072,0.028597703009138664,1729.1205842909017,0.5541594535745382
2023-01-28,2747.091951568214,4729,0.0095292108764036,0.03336877070694788,1826.7852886874048,0.45827608996864483
2023-01-29,2833.608817081753,1524,0.0205375847782032,0.0314939823780378,1923.8762032423845,0.41538742073278523
2023-01-30,2916.5973656086703,3415,0.0345231864043202,0.029287228366399853,2020.4099762955889,0.39152811209586313
2023-01-31,3034.4469717187794,4091,0.0138002493549674,0.04040653931178295,2116.8708976659436,0.3100806580276871
2023-02-01,3137.7795699899607,4858,0.0154276951794479,0.03405318966989612,2213.5623390162496,0.28261642850169955
2023-02-02,3240.925022661185,4337,0.0129494273422604,0.03287211557424796,2310.3155882275196,0.254894557321792
2023-02-03,3318.154005757176,4944,0.0201001322513171,0.023829302608357583,2405.701744551941,0.23432212797174054
2023-02-04,3430.49014381539,1049,0.0161239870846298,0.033855010304918,2501.068948401108,0.1936879348828567
2023-02-05,3561.098890201497,4347,0.0239255210182134,0.03807291113241429,2598.2396082179234,0.17798099640925333
2023-02-06,3656.93361663941,4061,0.0216737088669283,0.02691155999672068,2695.7771871370037,0.17546970245008564
2023-02-07,3761.2327864082927,1235,0.0124184691284684,0.028520936036221967,2793.7771546236263,0.16729419844333196
2023-02-08,3877.885845633108,1109,0.0371384594391545,0.031014581082658976,2895.1728241608384,0.1645709155777666
2023-02-09,4005.573807932124,2262,0.0050013855612881,0.03292721018149769,2999.1535805504864,0.1649275208203646
2023-02-10,4087.917842582508,1621,0.0248690644050931,0.020557362964407355,3101.243378592118,0.1464699008088535
2023-02-11,4190.47537279891,1666,0.0014345621712132,0.025087962666004104,3204.341820214858,0.14945419758609785
2023-02-12,4304.206161398745,4240,0.0133100220117685,0.02714030712078186,3308.4584435449774,0.14731562842643367
2023-02-13,4394.464178415876,4906,0.0167446535991663,0.020969724412038593,3410.8102283867615,0.12676962133346412
2023-02-14,4498.5728797630045,4437,0.0144037680376119,0.023690874955466734,3512.015750749449,0.09892315362326781
2023-02-15,4621.508201596195,2292,0.0472475067607003,0.027327627031723756,3613.867417323158,0.08411122756053098
2023-02-16,4740.660894755321,4418,0.013398715365738,0.02578220960810418,3717.9812163163056,0.08509941364243107
2023-02-17,4844.159446418994,3619,0.0291980839430169,0.021832093448863832,3822.8345910588446,0.08770206302619621
2023-02-18,4924.325845465284,2297,-0.0043662927486515,0.016549083475266846,3927.3704424780212,0.09711126696257487
2023-02-19,5017.787703141653,3476,0.0391379200588661,0.018979624949562623,4032.4299593546702,0.10211147021167288
2023-02-20,5122.935271292769,3685,0.013618382317969,0.02095496548913056,4136.85437433337,0.09243617666974581
2023-02-21,5218.43827002326,3084,0.0262825897980961,0.01864224193220987,4240.887309335036,0.09202273154937693
2023-02-22,5305.795915714726,2494,0.0334669864822221,0.01674018953012868,4344.130853987712,0.09333044579439992
2023-02-23,5413.881278284569,1054,0.0421544473804871,0.02037118733679799,4448.917217614082,0.0946880253056116
2023-02-24,5523.35694067887,3535,0.028725440886439,0.020221289822777377,4553.560557457256,0.08962039463754912
2023-02-25,5607.769902890622,2065,0.018048293178479,0.015282909129058941,4655.894108091712,0.07834430414745319
2023-02-26,5718.299659759315,2801,0.006788233656282,0.01971010914904303,4758.962410247707,0.07771307406997933
2023-02-27,5803.8525186234365,3542,0.0245036727736756,0.014961240920298824,4861.093396858464,0.07894156743523253
2023-02-28,5930.787775672899,2603,0.032829892689389,0.0218708619218273,4963.7384933604535,0.07129867364368532
2023-03-01,6023.415621983404,4354,0.0094222417024779,0.015618135366510355,5064.630584063018,0.06002124920809367
2023-03-02,6111.357377857928,1540,0.0139364305103012,0.01459998137162688,5165.802560826789,0.06370838692929436
2023-03-03,6195.513395902722,2820,0.0231777932136344,0.013770429847499877,5266.054461981979,0.06511709385012808
2023-03-04,6292.746475784848,4467,0.025202866414645,0.015694111798132848,5365.481477701285,0.060393492487888195
2023-03-05,6409.772659317928,2087,0.0306801188585211,0.018596996396312626,5466.246901746387,0.060046375599606114
2023-03-06,6509.358338527357,1321,0.0261273643673729,0.015536538423817747,5566.786174684605,0.058665671261423115
2023-03-07,6601.857316079606,2233,0.0312284238846721,0.014210152943151089,5665.8036304087755,0.05090181800720727
2023-03-08,6714.7839836877565,3311,0.026238305695313,0.017105287527663604,5764.509784855398,0.04180382185589351
2023-03-09,6834.279629987518,4886,0.0146411636236882,0.017795903277015634,5864.015794033823,0.038674088589631374
2023-03-10,6930.564872804453,3164,0.025438216921341,0.014088572319232329,5964.327745400782,0.04031043043172812
2023-03-11,7012.037445864565,4688,0.0196330793876212,0.011755545840110404,6064.040232536927,0.04414360355846009
2023-03-12,7114.166531339326,1531,0.0214100284707862,0.014564823172042995,6163.601795539255,0.04209285623861473
2023-03-13,7198.983079949068,4323,0.0148466185636139,0.011922204552860638,6262.629036035546,0.044374191635044406
2023-03-14,7306.213123506382,1778,0.0099718938424048,0.014895165381896058,6362.649896425128,0.044570641342670116
2023-03-15,7417.385643247769,1715,0.0293533205895488,0.01521616162327799,6462.825114673289,0.04172800806126717
2023-03-16,7490.560858755695,1813,0.0173687801769233,0.009865364837075674,6561.18531057713,0.04355941279762816
2023-03-17,7575.917454498801,2519,0.0028304859674903,0.011395220912374437,6659.592688157539,0.04577216514365894
2023-03-18,7668.209019888032,4170,0.00646722883764,0.012182229537681444,6757.088156163974,0.04359187308792116
2023-03-19,7778.482804961485,3379,0.0218140219070363,0.014380644135736365,6855.819670480877,0.043608967598542187
2023-03-20,7887.171030922726,3058,0.0149231673413219,0.013972933885244787,6953.638833243368,0.034590866451030995
2023-03-21,7947.339957026116,4542,0.0324301327334287,0.007628708172739085,7049.835049995505,0.04163898712447356
2023-03-22,8063.801109942255,4918,0.0214041231578584,0.014654104838333515,7147.457236599721,0.04165048175157225
2023-03-23,8161.276825163714,4010,0.0262724510288456,0.012088060443514292,7245.7454080627695,0.0421776552776446
2023-03-24,8269.4924368917,4783,0.02062192533893,0.013259642338601108,7344.5827061181135,0.04166910040962372
2023-03-25,8360.43049471365,4714,0.0101844682111406,0.0109968125028157,7442.115597887899,0.038575883732305825
2023-03-26,8485.255789556555,1271,0.0322885378466802,0.014930486524806774,7540.9104704393585,0.03818361552824707
2023-03-27,8619.489395789751,4592,0.0282313815924137,0.015819629904193055,7641.792074424867,0.039083845887389196
2023-03-28,8729.18160036433,2162,0.0103044675311902,0.012726067582165435,7742.511955258696,0.036630137718285966
2023-03-29,8824.682810380571,3394,0.0307775609568308,0.01094045402976307,7842.032114278348,0.03315757369226517
2023-03-30,8917.81455746647,1233,0.0271072071353148,0.0105535517918387,7941.39459851145,0.03379441935569456
2023-03-31,8994.510158916912,2314,0.0139703921896757,0.008600268704424652,8040.518234164066,0.036681043582326336
2023-04-01,9060.462939911768,3810,0.02676212573786,0.007332559509032555,8137.833054592687,0.04017595181049359
2023-04-02,9133.27325561618,1103,0.033203044031403,0.008036048068104762,8234.547563376043,0.04277539364214739
2023-04-03,9255.130610326862,4190,0.0276759310556254,0.013342133898791353,8331.993437717068,0.041710565574324315
2023-04-04,9367.505345433394,3558,0.0140754521959111,0.012141885386376394,8429.49942282635,0.03985102127126683
2023-04-05,9501.010064924652,3264,0.020103436651921,0.014251896803703534,8530.021883134796,0.040151547052280016
2023-04-06,9624.948322196791,1104,0.0237902508332454,0.013044745392880586,8632.473426519697,0.040269655546733465
2023-04-07,9750.93038961526,2383,0.0367070648819882,0.013089116242622545,8736.609495006056,0.04043921118962399
2023-04-08,9851.853427863784,2849,0.0342219319491124,0.01035009319274871,8840.278026151173,0.0399382092447504
2023-04-09,9926.1838505346,4804,0.0090743195467233,0.007544816131814347,8942.228667131767,0.04195454111292128
2023-04-10,10031.257895857414,1311,0.0173868934599568,0.01058554293422187,9046.424564073332,0.039515604066656024
2023-04-11,10152.8323546324,1185,0.0154297359527183,0.012119562674706374,9150.876126307838,0.03801028076840792
2023-04-12,10264.797272816875,3736,0.017480160366007,0.011027949076041654,9256.052148690496,0.03801145009815799
2023-04-13,10396.22724059222,1113,0.033948548117813,0.012803951630237842,9362.388888875521,0.037770829791633584
2023-04-14,10505.501815109055,3162,0.0285994248389096,0.010510983647045613,9469.642454895293,0.03789785406124566
2023-04-15,10600.022758100267,4631,0.0257341903902781,0.008997280154220855,9575.380803322478,0.03657785989915209
2023-04-16,10675.330958682283,2359,0.0149118940544103,0.007104531971355188,9678.172881467104,0.03499836846711707
2023-04-17,10744.65070803671,2787,0.0146393460214658,0.0064934520178083766,9778.946336850724,0.03726250357144137
2023-04-18,10860.342420054754,4125,0.0218367128834935,0.010767377661845323,9880.729317334433,0.03723694730900176
2023-04-19,10943.166008045073,3598,-0.0027897077317796,0.0076262409403755616,9981.996889863363,0.038540201531473
2023-04-20,11023.65456468567,3441,0.0185112060762899,0.007355143528063435,10083.4541101518,0.039504961526102576
2023-04-21,11151.928644348964,2768,0.023110712896164,0.011636257187722432,10188.027395373661,0.03825791105385384
2023-04-22,11286.755700061358,2692,0.0286802554765476,0.012090021377666904,10295.701517595919,0.03757759008831841
2023-04-23,11363.1941858274,4344,0.0178424689659003,0.006772405445581331,10401.104696370947,0.0385451473117303
2023-04-24,11462.927047783303,3746,0.0321920316749214,0.00877683337316304,10505.875781488441,0.03828044337834698
2023-04-25,11585.087292746088,2313,0.0281832611650116,0.010656985292984755,10610.079642879515,0.03516851123029485
2023-04-26,11672.764771449303,2416,0.0193084113998719,0.0075681327630663375,10712.47046534214,0.03417189837033107
2023-04-27,11797.76922661258,1083,0.0360940958131278,0.010709070011333477,10814.812407192007,0.03201149130554247
2023-04-28,11900.757002977747,4644,0.0335061174756792,0.00872942794412812,10917.257585947704,0.03200783444154198
2023-04-29,12015.025053849302,3427,0.0082537508210803,0.009601746413523404,11021.699646113437,0.03116840868933979
2023-04-30,12107.023207098688,1582,0.0263494664751429,0.007656925627459454,11125.4879116755,0.03166566591176553
2023-05-01,12202.354724126744,1334,0.0139051244344557,0.007874067423291997,11227.964030150219,0.0304828594419316
2023-05-02,12279.495100044824,4465,0.02132155478131,0.0063217614683463985,11328.698921511615,0.03138170057436136
2023-05-03,12399.006926994032,3555,0.0195956954968779,0.009732633628297238,11428.837905831708,0.028177478828645543
2023-05-04,12495.358600596324,3413,0.0167105157768898,0.007770918604176558,11528.330745106072,0.027708768836652173
2023-05-05,12616.01576410531,4413,0.0316490977484111,0.009656158527793446,11629.130395406322,0.027896787421906093
2023-05-06,12704.97996708996,1376,0.0106527840191914,0.00705168768398079,11730.612845826709,0.027938602148902373
2023-05-07,12783.989427525352,4332,0.0218959297849461,0.006218778828463556,11832.579781801138,0.02824715586778496
2023-05-08,12892.124657124215,1975,0.0227147145847977,0.008458645105418938,11934.168893654612,0.027206718019938455
2023-05-09,12977.805481901756,3847,0.0126579498375766,0.006645981718008898,12035.900867347445,0.027892226659053262
2023-05-10,13087.448695578789,2304,0.0194003643657258,0.00844851726510587,12139.090573892103,0.027531315053415953
2023-05-11,13168.243167039538,2714,0.019762128348643,0.006173431761993697,12239.906300026629,0.026395826474693202
2023-05-12,13270.30785877838,4738,0.003641647608713,0.007750820701299954,12339.083907962482,0.02242763699756477
2023-05-13,13366.242080353468,1671,0.0200880927361308,0.007229238582556752,12439.236302688785,0.022117689776026156
2023-05-14,13452.176317034826,2681,0.0290898363121231,0.006429199483650727,12538.69876615136,0.02279690943762371
2023-05-15,13568.96642022562,1613,0.017661226988443,0.008681874251298627,12637.892722525337,0.020771103787118172
2023-05-16,13681.957609661187,2242,-0.002499285449141,0.008327177320384793,12738.352364435932,0.020767821296783406
2023-05-17,13814.897096524046,4485,0.0358122752860522,0.009716408328073411,12839.208757931505,0.019279095188009684
2023-05-18,13904.83638527768,4748,0.0205659785343094,0.006510311884716291,12939.412727046501,0.0196546910044961
2023-05-19,14021.198025272904,2695,0.043836499133133,0.008368429283959644,13039.721375617682,0.01862650839842138
2023-05-20,14104.597166232956,3126,0.0094110668920586,0.005948075250754359,13139.600073574396,0.01969802077958717
2023-05-21,14206.357640783544,2857,0.013425913429289,0.00721470264987123,13239.800219407236,0.019744509890797027
2023-05-22,14294.509299978905,3268,0.0097185619407992,0.006205085175548186,13340.55092940394,0.019851313812102263
2023-05-23,14373.2660556001,2131,0.0177316194118201,0.0055095809144920516,13439.263885834243,0.019567757299515435
2023-05-24,14482.986495468856,1707,0.0181248642667924,0.007633647039185565,13538.645280577872,0.01954075943421937
2023-05-25,14553.73245336052,1849,0.0148278737477662,0.004884763091769662,13635.53111504063,0.01960265343023515
2023-05-26,14657.35220533686,3781,0.0214186117235396,0.007119806022847008,13733.149726952974,0.019598676758731566
2023-05-27,14809.179693058268,3292,0.0103566157597059,0.010358452576866295,13834.40924022962,0.0222524217779712
2023-05-28,14904.296391672637,2935,0.0200392200857999,0.0064228202092080355,13935.01782695704,0.0221174189979145
2023-05-29,15003.768896693318,1623,0.0309412335945233,0.006674082587102781,14036.315997696622,0.0221069757216349
2023-05-30,15105.654526057164,2267,0.0186676966697063,0.006790669068909683,14137.226289220538,0.021725001353601517
2023-05-31,15190.716619143524,1042,0.0316049679263764,0.005631142493006669,14238.34996182574,0.022145229613088246
2023-06-01,15303.90010854697,4724,0.0117125143839715,0.007450832784334338,14340.029574314167,0.022066392565667035
2023-06-02,15374.788824644991,3688,0.0180149603931603,0.004632068661924338,14440.456911528745,0.023808055534264586
2023-06-03,15439.112651099344,1136,0.0288933187657201,0.0041837209725603675,14539.803728231967,0.025804466859470854
2023-06-04,15570.556330109845,2560,0.0334143537169686,0.00851368093367344,14639.883223726181,0.025658056167863052
2023-06-05,15674.62569903999,2382,0.0176227129647592,0.006683728360360464,14739.51662819512,0.025106936807652434
2023-06-06,15741.74671013007,3276,0.0273473189529112,0.004282144427486312,14835.859108875422,0.02419310634435661
2023-06-07,15854.482391990969,3198,0.0164561810957497,0.007161573867044302,14933.341409211085,0.02428887859587193
2023-06-08,15962.601993186649,4280,0.0151334537216388,0.006819497383925732,15030.411607606777,0.02338459261678975
2023-06-09,16093.266428763342,1533,0.0325743833118267,0.00818566018450273,15129.845070733292,0.02401684616241857
2023-06-10,16218.482077257937,1808,0.0289681358536128,0.0077806235948967295,15230.451292557012,0.024285872312622983
2023-06-11,16322.439054498696,1627,0.0334595723700589,0.006409784636167037,15331.847780283002,0.02424740093586533
2023-06-12,16414.0076914623,4107,0.0207512532904397,0.0056099849206276975,15433.884862076113,0.024186960459909004
2023-06-13,16527.108214605276,2516,0.0158042302666897,0.0068904880068874075,15536.090948032932,0.023933289705925294
2023-06-14,16613.920918498774,1699,0.0019685146393399,0.0052527461408391485,15639.100371289847,0.023612046618083894
2023-06-15,16711.0605925828,1655,0.0178632332370081,0.005846884342386893,15741.785790652142,0.023703040788283267
2023-06-16,16832.573543260358,1759,0.0193788179173607,0.007271408658017453,15842.955483162248,0.019298214603366445
2023-06-17,16964.088965836185,2714,0.0248790316838468,0.007813150035425487,15945.945111870426,0.019917545487039154
2023-06-18,17065.743940413526,3101,0.0086692114629326,0.005992362736487733,16049.043864056433,0.01998277612167242
2023-06-19,17168.643692335325,2560,0.0206634499054997,0.006029608335920367,16152.193322370344,0.019998400204576192
2023-06-20,17250.449261596517,3457,0.0221996695201876,0.00476482421833424,16255.179954492993,0.020677711348230134
2023-06-21,17387.05680873648,2400,0.0191239317937687,0.007919071849571191,16359.33778950247,0.02106291487143512
2023-06-22,17486.204950188516,3779,0.0274530696043803,0.005702410853239748,16464.908595779645,0.02019467178547138
2023-06-23,17573.22815206945,4291,0.0453501415875907,0.004976677451100864,16571.614370828152,0.019182251749605566
2023-06-24,17686.26430305053,4740,0.0386959021588843,0.006432292917551985,16677.399769475185,0.017638228582869345
2023-06-25,17812.901513127334,4974,0.0168157167616814,0.007160201154234658,16784.31356017955,0.017823140625347705
2023-06-26,17958.27400494336,1224,0.0165480302668507,0.008161078738850858,16895.139924920215,0.016964101045289448
2023-06-27,18061.613616497827,2911,0.0231549425436379,0.005754428934875433,17005.49648614556,0.01709106431947873
2023-06-28,18160.79328658943,4881,-0.0027224911877554,0.005491185460916315,17115.406050815698,0.017448228683441275
2023-06-29,18269.21331918642,2233,0.0147172897386542,0.00597000532333869,17224.203395336852,0.016297017306930256
2023-06-30,18358.671197073527,3010,-8.91383233685844e-06,0.004896646414060957,17331.212851327633,0.016180954403285746
2023-07-01,18436.227153250733,4332,0.0090100744098239,0.004224486366397162,17436.90225626523,0.017630508015739975
2023-07-02,18515.074980796893,3880,0.0375779267295038,0.0042767875927509635,17541.955620731962,0.018730786225379603
2023-07-03,18607.23387588352,2912,0.0230380561057575,0.004977505907062918,17645.961903795876,0.018811231819446012
2023-07-04,18724.06037097138,2620,0.0205592782411108,0.0062785525171087375,17751.468876419505,0.01866187566095821
2023-07-05,18833.414377156685,1959,0.02650476866078,0.005840293398906127,17857.5865656482,0.018662593389270805
2023-07-06,18956.70468599719,4401,0.0170747931137816,0.006546359909653132,17963.793122785042,0.018176877266770634
2023-07-07,19093.561325539704,3039,0.0245129089692447,0.007219431953466415,18070.266740770217,0.01748316568511864
2023-07-08,19181.00771063391,2038,0.0247855992604553,0.004579888665255716,18176.029929281238,0.018124269984083587
2023-07-09,19277.79577424354,1383,0.0044047672127487,0.005046036426749945,18281.487533376647,0.01833727540796222
2023-07-10,19381.89015827925,4652,0.0165369485300492,0.005399703641159492,18388.05957821078,0.01799214440850748
2023-07-11,19476.00679075235,3477,0.0078981954256691,0.004855905781351089,18492.507077311577,0.01652950188216866
2023-07-12,19575.944852805,1365,0.0162549486306622,0.005131342534759442,18596.9940724424,0.01664745815028277
2023-07-13,19662.31075351488,3272,0.0170859683533605,0.0044118381697169085,18701.44820251467,0.017070740930206073
2023-07-14,19770.359343637592,2030,-0.0010722529011027,0.005495213226827778,18805.652954544024,0.01681067379848575
2023-07-15,19889.40309604585,3371,0.0309648266496534,0.006021324667857764,18909.478033689953,0.015854962351956492
2023-07-16,20018.95906537052,1215,0.0271621199445764,0.0065138188762650095,19012.51228671131,0.013059653118783895
2023-07-17,20115.01679787161,4170,0.0303359241694631,0.004798338024840421,19115.18244578,0.013200898482286111
2023-07-18,20204.533386017392,4367,0.0229553924155533,0.004450236807918229,19217.369450751394,0.013614841698860977
2023-07-19,20297.34188962379,4355,0.0169943655755845,0.00459344949142082,19318.775879273264,0.013655740396548127
2023-07-20,20387.902617918924,2078,0.0043475309164079,0.004461703842187914,19420.237450315537,0.013901836253279893
2023-07-21,20523.954649717078,4837,0.0174565154420364,0.006673174497046075,19524.623825138853,0.014205729225007534
2023-07-22,20657.54527734074,1789,0.0229471315457728,0.006509010076452659,19631.747339966045,0.014119074300219905
2023-07-23,20743.690482691392,2003,0.0201625031454549,0.004170156918166912,19738.570170306437,0.014783098986769412
2023-07-24,20851.843058388204,4227,0.009594649841104,0.005213757686321818,19844.95930467728,0.014471255955918777
2023-07-25,20955.03383905029,3638,0.0310732401178299,0.004948760662217611,19951.04027777196,0.014454686917758907
2023-07-26,21028.879954592005,4790,0.0251397463193647,0.003524027501406346,20054.6490412017,0.015108836875822058
2023-07-27,21135.803575299364,1192,-0.0029862830456512,0.0050846084498195054,20156.761153689684,0.013091644174198468
2023-07-28,21256.295552693893,3436,0.0071505909152915,0.0057008467629469095,20260.525545792683,0.013112329442309984
2023-07-29,21369.5444070766,3451,0.0127299399915058,0.005327779438423885,20365.112977434335,0.013120791203826228
2023-07-30,21443.827300068715,2788,0.0164358866871379,0.003476110279988731,20468.209834523812,0.014379276657777981
2023-07-31,21562.069972161786,3439,0.0003191058502759,0.005514065676731628,20572.512993594282,0.014440135417151398
2023-08-01,21666.580198531243,3612,0.0278093634928511,0.004846947742233709,20677.04476088059,0.014467464768316287
2023-08-02,21761.347363971232,2260,0.0217739283713215,0.004373886629622126,20781.99659140341,0.0144915539848001
2023-08-03,21842.00176087649,4251,0.0093156503079387,0.003706314483026496,20885.578712265356,0.015193904366461423
2023-08-04,21943.005193405585,4919,0.0010436655939714,0.00462427545033961,20988.25881713334,0.014745440867725656
2023-08-05,22069.84988348573,4201,0.0345761617924827,0.005780643488079162,21090.803358039102,0.013903669113535303
2023-08-06,22198.73287356643,4946,0.0233116186643286,0.005839776471571634,21194.989161823843,0.014299508658272762
2023-08-07,22306.131701237464,1547,0.0286683144001025,0.004838061175956643,21300.06907758485,0.014188818634866554
2023-08-08,22383.063711033697,2069,0.0240677369830909,0.0034489175813468,21404.355168655344,0.015131678873713906
2023-08-09,22464.282053097395,2149,0.0287307610232058,0.003628562341251751,21508.174140414267,0.01573116400909135
2023-08-10,22547.0402811642,1686,0.0161892478284223,0.003683991674926279,21609.328421986622,0.014710562648843887
2023-08-11,22615.383735333955,4800,0.0147030617561178,0.0030311496904915636,21707.220344886286,0.01424863424582796
2023-08-12,22728.444767926103,2930,0.0048526399673196,0.004999297554058479,21806.45805914802,0.014268584078288155
2023-08-13,22805.55368915737,3043,0.0036648318692992,0.003392617577604007,21904.14359068648,0.014654198427042821
2023-08-14,22936.670382167595,1180,0.0263169031803102,0.005749331710922956,22003.22541784234,0.015251050961897024
2023-08-15,23077.71263080655,1053,0.0160539727409707,0.006149203275319648,22105.66705165307,0.0157948140178077
2023-08-16,23152.97346300192,1387,0.0161669486780255,0.0032611911500668445,22206.525546038196,0.01645669587880931
2023-08-17,23290.25156259167,3154,0.017267920937697,0.005929177943779784,22308.223346533086,0.01668344158978145
2023-08-18,23401.56344690879,4652,0.0050757826518887,0.004779333706120381,22409.824298524698,0.01646964723156335
2023-08-19,23441.190055987263,3097,0.0156848905798473,0.0016933316941996068,22509.692436320624,0.019031701580750307
2023-08-20,23525.812772637357,3040,0.0262766559754807,0.003610000876575814,22607.8795763444,0.018836796540085306
2023-08-21,23622.663248329685,1363,0.0170541210490263,0.004116774907134024,22705.683728834327,0.018768905281896862
2023-08-22,23701.96082840116,2277,0.0319943628971055,0.0033568433515676066,22802.714402055823,0.019083220613743682
2023-08-23,23815.03549685533,1851,0.0390223333210349,0.004770688352445429,22901.366088854764,0.01903207348056926
2023-08-24,23886.996058808847,2727,-0.0016425867899124,0.003021644119028055,22998.565632124926,0.019551178462264757
2023-08-25,23994.51775855087,3084,0.0079016305318757,0.004501265017891276,23094.799025878183,0.018736682971701567
2023-08-26,24066.14627830693,3038,0.007464616060309,0.002985203556780336,23188.16969611521,0.018133302184085397
2023-08-27,24165.000993601752,2472,0.0076731807696761,0.004107625464901732,23281.11316073342,0.017894640801264048
2023-08-28,24255.989730607325,3432,0.038932689717776,0.0037653107082289416,23374.759461712103,0.017797856292562794
2023-08-29,24341.818252070272,2074,0.0117499039866485,0.0035384464792480586,23468.636271660747,0.017827438473265168
2023-08-30,24444.41105001628,2021,0.0020740410216029,0.004214672744805359,23563.504810103354,0.017793429894427813
2023-08-31,24571.49766174314,4505,0.0243013947837948,0.005199004855008571,23661.31050642381,0.017813174101948628
2023-09-01,24686.56427179908,1748,0.0442649387390585,0.004682930264975127,23759.21648161746,0.01764942146850739
2023-09-02,24779.77572523441,4838,0.0435816970506776,0.0037757969237464106,23857.92758342131,0.017485506673993772
2023-09-03,24880.952921321,4573,0.0075921850723988,0.004083055359680232,23955.141710378983,0.016446732310850226
2023-09-04,24991.575927498387,3570,0.0166815627850184,0.004446092017745373,24050.83487521357,0.014609220417336224
2023-09-05,25077.88406097166,3497,0.0154196943871786,0.003453489036612023,24147.080405112058,0.014497166554366935
2023-09-06,25167.66786160331,4914,0.0274758151221249,0.003580198409616875,24240.95122006264,0.012632493255569964
2023-09-07,25265.087466729925,4177,0.0228412722981573,0.003870823695795833,24334.1274210537,0.012182152403852835
2023-09-08,25396.215211713064,4544,0.0237201719153572,0.005190076826601775,24431.87867883999,0.010172331683839988
2023-09-09,25495.23130037738,2665,0.0045670345615474,0.0038988521651308616,24530.34960522699,0.010071542113024494
2023-09-10,25595.757309418277,3514,0.0335074592143038,0.003942933792462133,24629.00430828142,0.010070108754534884
2023-09-11,25659.49780259763,3998,0.0171810417237367,0.0024902757284661625,24726.881156991243,0.01122922585853673
2023-09-12,25735.302083857045,4350,0.0019298666980457,0.002954238693313016,24822.894486341327,0.01137427584029187
2023-09-13,25854.842152582325,3048,0.0093927553553041,0.0046449840897833106,24921.286791030005,0.011198069001012308
2023-09-14,25950.81044627709,4263,0.0123144287380463,0.0037118112393959013,25019.101425416316,0.011047439415032596
2023-09-15,26098.984745646583,4140,0.0294686743089639,0.005709813944972497,25120.743348783297,0.012146187005875034
2023-09-16,26196.21824382136,4837,0.0261523240387944,0.003725566305447847,25222.30421129428,0.012203156461952093
2023-09-17,26340.948834230625,1767,0.033054027653161,0.005524865805521362,25326.55216647544,0.013225852215450832
2023-09-18,26457.864709723388,2864,0.0228377057858285,0.004438559758364935,25432.3544893581,0.013075248236961204
2023-09-19,26559.70152538824,4021,0.018241764989425,0.0038490186862065734,25538.119013126696,0.013125563532379654
2023-09-20,26664.81367057604,2680,0.0171042566959654,0.003957580061181298,25642.784813568338,0.012547445499622329
2023-09-21,26750.009544174474,2873,-0.0014815025256201,0.0031950672767102617,25745.95707718711,0.012735321563138672
2023-09-22,26829.8268749502,4653,0.0170911742766963,0.0029838243849564794,25848.4596346729,0.013238841033824488
2023-09-23,26952.26258791681,3861,0.0268575911916455,0.004563417928012292,25952.02511800269,0.013396078622061727
2023-09-24,27023.4783315725,4085,0.021040890454348,0.002642291845569078,26053.620238206397,0.01412166313260209
2023-09-25,27173.71696579028,3696,0.012642114235032,0.0055595594458413,26158.411883447327,0.015147568428199788
2023-09-26,27221.83967130451,2003,0.0101430822719917,0.001770928341338518,26261.120473932388,0.017084581683665778
2023-09-27,27302.49342063411,4599,0.0248608319522476,0.0029628324280601692,26362.990771627596,0.017427729953666746
2023-09-28,27372.83148183658,1694,0.0216510256697374,0.0025762504588431323,26461.821585133777,0.017302587650692557
2023-09-29,27487.072022643144,4314,0.0220201627733609,0.004173501045457106,26561.41362124706,0.017360214085536563
2023-09-30,27573.77840168588,4252,0.0110927783883455,0.0031544421672597966,26660.314675860438,0.017480558660343096
2023-10-01,27657.18286845364,2054,0.0257325110902881,0.0030247746809579645,26760.198929153237,0.0170763100576552
2023-10-02,27752.406085595558,4664,0.0213510275714363,0.0034429832421771778,26861.05412924017,0.016858632110212705
2023-10-03,27846.166596728137,4066,0.0305002575432893,0.003378464225530564,26960.620351447455,0.016594727307948972
2023-10-04,27938.559197842445,4037,0.0065256793457775,0.003317964819084418,27060.007789025723,0.016655225390365794
2023-10-05,28072.48148486504,1755,0.0068720453474257,0.004793457174160132,27158.682625986647,0.015461710437897763
2023-10-06,28183.998724555862,4232,0.0077974648524896,0.00397247531362499,27258.071650023376,0.015502128512580109
2023-10-07,28284.52947895177,2241,0.0111551529453089,0.0035669443281771684,27355.250682259433,0.013855564056910557
2023-10-08,28411.156995945577,2747,0.0263421635919053,0.004476917923914581,27452.915296570536,0.013888225369634147
2023-10-09,28536.23949022311,4721,0.0262310819206961,0.004402583615140454,27551.742194812286,0.014172804373772224
2023-10-10,28642.949527975325,4332,0.0435002074431989,0.003739456903169458,27650.648987682245,0.014120009830500218
2023-10-11,28743.943386914423,2572,0.0210992688802245,0.0035259587648421853,27750.345679819246,0.014047508305716782
2023-10-12,28848.4572883382,3350,0.0165564704274583,0.003636032120469368,27851.277200488646,0.013856653732823576
2023-10-13,28928.269823725164,3257,0.0454076727544356,0.002766613638616633,27950.07756227906,0.013725541819337215
2023-10-14,29023.991747267548,3524,0.0112050056407165,0.0033089404975017445,28050.103233063815,0.013343189667672234
2023-10-15,29099.30661879481,2302,0.0251076613928184,0.002594917755734061,28146.38271571404,0.011528939507211422
2023-10-16,29181.74777889196,2207,0.0241034915446306,0.00283309706231627,28244.378121093418,0.010020272171444971
2023-10-17,29252.18006927853,4582,0.0169181630245139,0.0024135734062342706,28341.862453525635,0.01057248974895025
2023-10-18,29344.3882754542,4684,0.0033697589982597,0.003152182365802947,28440.440293206513,0.010125831333429331
2023-10-19,29437.36835662893,1758,0.0086962838292069,0.003168581341751908,28537.9551099058,0.009842283709222834
2023-10-20,29561.330862144485,3232,0.0257594467162492,0.004211059358763647,28637.332732928735,0.010154590433877274
2023-10-21,29630.70888144769,2959,0.0183369936142337,0.002346917993196529,28736.00903357844,0.010826119443295467
2023-10-22,29752.571779177026,2749,-0.004523625541133,0.004112722993462992,28836.01731825751,0.011076475835340188
2023-10-23,29831.163927565976,1122,0.0252776271897933,0.0026415245368454077,28935.267184799402,0.011473105708349897
2023-10-24,29923.185314957034,1091,0.0218874547384285,0.0030847400930951174,29034.498490655133,0.011538144215376519
2023-10-25,30026.1909505994,4993,0.0178391252986884,0.0034423352513504035,29132.183963941854,0.010369678246969195
2023-10-26,30153.609208247097,2239,0.0239252615612125,0.004243570483426717,29230.664488126407,0.010620244792031648
2023-10-27,30250.07179593341,2433,0.0435229620896022,0.003199039525256353,29328.941603975494,0.010616220984968018
2023-10-28,30357.85878790885,4097,0.0254385817457634,0.003563197889332903,29426.276693573658,0.009811950217583175
2023-10-29,30497.83989508175,2250,0.0180887963286003,0.0046110336091507165,29524.35671381659,0.010139599858388793
2023-10-30,30613.756031367386,2015,0.029502015565174,0.0038007982429053566,29622.897038986197,0.0101747488580872
2023-10-31,30687.082265178444,4019,0.0332938302086184,0.0023952054016478375,29720.053982899397,0.01066974349273934
2023-11-01,30797.167446543328,4572,0.0225828340774587,0.0035873459853106304,29817.489490809647,0.01064935288495023
2023-11-02,30885.486696545147,1640,-0.0037689159317401,0.002867771854509815,29915.35033445065,0.01059134099335573
2023-11-03,30996.57268899673,2285,0.0237680116991808,0.0035967052597558613,30013.979381537112,0.010651243547156911
2023-11-04,31091.78710779301,4702,0.0151813311882926,0.003071772474705803,30113.60340598702,0.010367252765101982
2023-11-05,31163.864618093245,1407,-0.0024525246085343,0.002318217027871272,30212.70924794708,0.010836579720637464
2023-11-06,31266.60857742749,2800,0.0249291771442793,0.003296894033950837,30313.43067335453,0.010329267361150904
2023-11-07,31346.83793220609,3519,0.0172802488056085,0.0025659756023721503,30413.55315619213,0.010671243405502712
2023-11-08,31440.868588597787,1990,0.0308554560449836,0.002999685537503183,30513.72816779057,0.01071689009277696
2023-11-09,31544.07772746817,1441,0.0154950166085889,0.0032826427355068244,30612.865511056752,0.010159810969902984
2023-11-10,31640.678655750864,3807,0.0128474428184526,0.003062410925984249,30713.363999771907,0.009617976344824553
2023-11-11,31747.87953009972,4831,0.0134647649147827,0.0033880712710114835,30813.12938731805,0.00912431388561216
2023-11-12,31806.01036598581,3478,0.0377753355660738,0.0018310147558351364,30911.87170923904,0.010229020229514406
2023-11-13,31897.452278639048,1048,0.0161975567326042,0.0028749884566166006,31010.585057423137,0.010290115854551425
2023-11-14,31984.60832383352,1020,0.0343182040254099,0.0027323826502858584,31108.505926084843,0.010376525861809883
2023-11-15,32081.21391515911,1307,0.0234023863304719,0.003020377499936666,31204.886161430448,0.009566084056201544
2023-11-16,32160.597351249125,3620,0.0220054351863472,0.0024744523788891026,31300.412439196236,0.009812475414475273
2023-11-17,32285.597865254585,3779,0.0161667408808088,0.0038867597091012396,31396.799393063517,0.01009268098890317
2023-11-18,32341.30101399119,2462,0.0239550565134454,0.0017253249876023613,31488.972449008994,0.00947823247564765
2023-11-19,32454.77440654505,1203,0.0217363785687472,0.0035086217621478344,31581.02336776787,0.009177842805038462
2023-11-20,32575.707167539207,3966,-0.011619959834717,0.003726193239838693,31675.45461288591,0.009374040885527818
2023-11-21,32647.905299120983,2248,0.0095951035529697,0.0022163181664931475,31767.991505514794,0.009479695728671236
2023-11-22,32714.088489779224,2783,0.0127264871988614,0.0020271803061135962,31859.4215951765,0.009999211065335233
2023-11-23,32834.71716857527,4407,0.0372041540891556,0.0036873617565023054,31951.328819155424,0.010090122731331318
2023-11-24,32946.40441988523,2718,-0.0055049980804948,0.003401498808000891,32044.059684760035,0.010237944147539682
2023-11-25,33037.55073002725,4069,0.0182769526681042,0.0027665024984337983,32137.743990356736,0.010020664799457865
2023-11-26,33123.78385046635,2897,0.0326659378413591,0.0026101547643095913,32230.602754008676,0.009977888957773212
2023-11-27,33242.35410193411,2966,0.0226430294777633,0.003579610711234693,32325.378562495076,0.010188625472342915
2023-11-28,33346.45585835409,1315,0.0175488541855795,0.003131600009457003,32420.657925982894,0.01020959975883197
2023-11-29,33413.58781827788,4322,0.0229526770902713,0.0020131662629740976,32514.13343052338,0.010640869511034576
2023-11-30,33514.03351836938,3591,0.0304800832743983,0.003006133332277283,32607.80117365431,0.010630168241535608
2023-12-01,33620.571029396895,4125,0.0219081057476807,0.003178892536737532,32701.435748619162,0.01052305959271005
2023-12-02,33747.22459728462,1234,0.0193320852439763,0.003767145054644816,32798.496460184106,0.010227917155703098
2023-12-03,33817.01546695761,3694,0.0277099932808639,0.0020680476840930773,32894.474619600034,0.010713479113155355
2023-12-04,33902.615421535724,3951,0.0181130401108546,0.0025312687532037526,32990.374974485145,0.010785325059359759
2023-12-05,34004.258035118895,3088,0.0146469682391018,0.0029980758805590035,33086.527180483135,0.010782761766052775
2023-12-06,34067.59916405879,3720,0.0282709858174439,0.0018627410977318792,33181.877271123616,0.01131966307526623
2023-12-07,34160.480937361615,1467,0.0217975683100289,0.002726396211706561,33275.62142472897,0.01068897722274369
2023-12-08,34258.251327416794,1613,0.0120678582994411,0.0028620905611502767,33371.46894040025,0.009865494661621031
2023-12-09,34377.84353290761,1544,0.0259842293058942,0.0034909022164568704,33467.622396718376,0.009850791284551299
2023-12-10,34497.89506053244,4445,0.0242888282791328,0.0034921192049151006,33563.73179136804,0.009617185370283452
2023-12-11,34570.38592216443,3304,0.0215078960943627,0.002101312601965777,33659.855822520214,0.009729013319064806
2023-12-12,34664.58237159057,4360,0.0113927638953918,0.0027247728630575008,33757.38051661078,0.009234705462564614
2023-12-13,34761.62912824941,2125,0.0084478743158353,0.00279959399535068,33853.72611459448,0.008756040965741623
2023-12-14,34863.869770347075,4536,0.0191874335271077,0.002941192477500243,33949.59938211758,0.00852481262304537
2023-12-15,34956.96821800252,4030,0.0283722858030685,0.002670341768389317,34045.57025651634,0.008541516609240705
2023-12-16,35033.77260900947,1143,0.014181183214783,0.002197112476344465,34141.0696944435,0.008802925721816839
2023-12-17,35123.29034199662,4774,0.00494856213549,0.0025551839359749806,34235.116506446626,0.008350021645848691
2023-12-18,35196.0640892858,2028,0.0215317077806099,0.0020719513058309325,34327.59691799321,0.008562159299406728
2023-12-19,35305.799493187165,4759,0.0182415055570167,0.0031178316877418233,34422.207501738674,0.008274929803241753
2023-12-20,35400.06326465654,4053,0.0200315344095418,0.0026699231520750377,34516.50898905303,0.00822722075091004
2023-12-21,35467.91803287588,2150,0.0095641074342633,0.0019167979365473098,34608.876339226976,0.008550376908943001
2023-12-22,35605.36134059382,3470,0.0193300065618807,0.0038751445063829326,34701.78317639244,0.008739304050193897
2023-12-23,35720.7042374971,1453,0.0167099009916507,0.0032394811500415788,34796.96761491941,0.008633485034364376
2023-12-24,35820.87257029005,1441,0.0366546650400492,0.0028042093494842213,34892.88047235714,0.008599329675998937
2023-12-25,35921.15884952276,4856,0.0243542612011316,0.002799660422451389,34988.72551307733,0.008553927257313665
2023-12-26,36018.45880161731,1568,0.010468154487827,0.0027087086054808918,35086.26849495525,0.007897322885737036
2023-12-27,36106.75920593817,3990,0.0232212551105671,0.0024515319993896334,35183.58240838408,0.007985645093997046
2023-12-28,36197.79364557939,4354,0.0165480953799288,0.0025212575607240773,35280.559524292206,0.008027593728679068
2023-12-29,36289.22434619432,2384,0.0294489114219293,0.002525863910661341,35376.12856495655,0.007576350513662984
2023-12-30,36395.22692035577,1016,0.0275544972556015,0.0029210482194439447,35470.995157947706,0.007046292482209319
2023-12-31,36475.35674211463,2135,0.0494431546653177,0.0022016574298109326,35566.24369894522,0.0069451458575858094
